[
  { 
    "state":"Full HD-Vietsub ",
    "title": "Quỷ Quyệt 5: Cửa Đỏ Vô Định",
    "description": "Insidious: The Red Door (Quỷ Quyệt 5: Cửa Đỏ Vô Định) lấy bối cảnh sau mười năm kể từ hai phần phim đầu tiên, Josh Lambert (Patrick Wilson) đang chuyển đến sinh sống tại phía Đông để đưa cậu con trai Dalton (Ty Simpkins) đến học tại một trường đại học bình dị, phủ đầy cây thường xuân. Tuy nhiên, giấc mơ đại học của Dalton lại trở lại một ác mộng khi những con quỷ bị kìm hãm trong quá khứ bằng một cách nào đó đã quay trở lại và tiếp tục ám hai cha con.",
    "actor":"Rose Byrne, Ty Simpkins, Patrick Wilson, Hiam Abbass, Lin Shaye, Andrew Astor, Juliana Davies, Sinclair Daniel, Peter Dager, Mary Looram, Joshua Haire, AJ Dyer, Jarquez McClendon, Godswill Utionkpan, Tom Toland, Jaylin Loveday, Elaine Apruzzese, Victorya Danylko-Petrovskay",
    "gerne":" Phim Lẻ, Hình Sự, Bí Ẩn-Huyền Bí",
    "director": "Patrick Wilson",
    "nation":"Mỹ",
    "releaseYear": "2023",
    "producer":"Leigh Whannell, Scott Teems",
    "image": "images/1.png",
    "ibmrate":"4.3/5"
  },
  {
    "state": "Full HD-Vietsub",
    "title": "Nhiệm Vụ Bất Khả Thi",
    "description": "Mission: Impossible (Nhiệm Vụ Bất Khả Thi) là một bộ phim hành động do Mỹ sản xuất và ra mắt lần đầu vào năm 1996...",
    "actor": "Tom Cruise, Jon Voight, Emmanuelle Béart...",
    "genre": "Phim Lẻ, Hành Động, Giật Gân",
    "director": "Brian De Palma",
    "nation": "Mỹ",
    "releaseYear": "1996",
    "producer": "Tom Cruise, Paula Wagner",
    "image": "images/2.png",
    "ibmrate": "4.5/5"
  },
  {
    "state": "Full HD-Vietsub",
    "title": "Avengers 4: Endgame",
    "description": "Avengers: Endgame (Avengers 4: Endgame) là phần cuối của loạt phim về siêu anh hùng Avengers...",
    "actor": "Robert Downey Jr., Chris Evans, Mark Ruffalo...",
    "genre": "Phim Lẻ, Hành Động, Viễn Tưởng",
    "director": "Anthony Russo, Joe Russo",
    "nation": "Mỹ",
    "releaseYear": "2019",
    "producer": "Kevin Feige",
    "image": "images/3.png",
    "ibmrate": "4.8/5"
  },
  {
    "state": "Full HD-Vietsub",
    "title": "Nàng Tiên Cá",
    "description": "The Little Mermaid (Nàng Tiên Cá) là một bộ phim hoạt hình kinh điển của hãng Walt Disney...",
    "actor": "Jodi Benson, Samuel E. Wright, Pat Carroll...",
    "genre": "Phim Lẻ, Hoạt Hình, Lãng Mạn",
    "director": "Ron Clements, John Musker",
    "nation": "Mỹ",
    "releaseYear": "1989",
    "producer": "Howard Ashman, John Musker",
    "image": "images/4.png",
    "ibmrate": "4.6/5"
  },
  {
    "state": "Full HD-Vietsub",
    "title": "Mất Tích",
    "description": "Lost (Mất Tích) là một bộ phim truyền hình Mỹ được sáng tạo bởi J.J. Abrams, Damon Lindelof, và Jeffrey Lieber...",
    "actor": "Matthew Fox, Evangeline Lilly, Josh Holloway...",
    "genre": "Phim Lẻ, Bí Ẩn-Huyền Bí, Phiêu Lưu",
    "director": "J.J. Abrams, Damon Lindelof",
    "nation": "Mỹ",
    "releaseYear": "2004",
    "producer": "J.J. Abrams, Damon Lindelof",
    "image": "images/5.png",
    "ibmrate": "4.7/5"
  },
  {
    "state": "Full HD-Vietsub",
    "title": "Chúng Ta",
    "description": "Us (Chúng Ta) là một bộ phim kinh dị của Mỹ do Jordan Peele đạo diễn...",
    "actor": "Lupita Nyong'o, Winston Duke, Elisabeth Moss...",
    "genre": "Phim Lẻ, Kinh Dị, Huyền Bí",
    "director": "Jordan Peele",
    "nation": "Mỹ",
    "releaseYear": "2019",
    "producer": "Jason Blum, Ian Cooper, Sean McKittrick, Jordan Peele",
    "image": "images/7.png",
    "ibmrate": "4.4/5"
  },
  {
    "state": "Full HD-Vietsub",
    "title": "Tuổi Nổi Loạn",
    "description": "The Edge of Seventeen (Tuổi Nổi Loạn) là một bộ phim tâm lý - hài của Mỹ...",
    "actor": "Hailee Steinfeld, Woody Harrelson, Kyra Sedgwick...",
    "genre": "Phim Lẻ, Tâm Lý, Hài Hước",
    "director": "Kelly Fremon Craig",
    "nation": "Mỹ",
    "releaseYear": "2016",
    "producer": "James L. Brooks, Kelly Fremon Craig, Richard Sakai",
    "image": "images/8.png",
    "ibmrate": "4.2/5"
  },
  {
    "state": "Full HD-Vietsub",
    "title": "Xác Sống",
    "description": "The Walking Dead (Xác Sống) là một bộ phim truyền hình Mỹ thuộc thể loại kinh dị...",
    "actor": "Andrew Lincoln, Norman Reedus, Melissa McBride...",
    "genre": "Phim Bộ, Kinh Dị, Kịch Tính",
    "director": "Frank Darabont",
    "nation": "Mỹ",
    "releaseYear": "2010",
    "producer": "Frank Darabont, Gale Anne Hurd, David Alpert",
    "image": "images/9.png",
    "ibmrate": "4.6/5"
  },
  {
    "state": "Full HD-Vietsub",
    "title": "Alice in Borderland",
    "description": "Alice in Borderland (Alice ở Xứ Sở Biên Giới) là bộ phim truyền hình Nhật Bản...",
    "actor": "Kento Yamazaki, Tao Tsuchiya, Nijiro Murakami...",
    "genre": "Phim Bộ, Hành Động, Viễn Tưởng",
    "director": "Shinsuke Sato",
    "nation": "Nhật Bản",
    "releaseYear": "2020",
    "producer": "Shinsuke Sato, Kenta Fukasaku, Yoshinobu Nishizaki",
    "image": "images/10.png",
    "ibmrate": "4.5/5"
  },
  {
    "state": "Full HD-Vietsub",
    "title": "Trò Chơi Con Mực",
    "description": "Squid Game (Trò Chơi Con Mực) là một bộ phim truyền hình Hàn Quốc...",
    "actor": "Lee Jung Jae, Park Hae Soo, Wi Ha Joon...",
    "genre": "Phim Bộ, Hành Động, Kịch Tính",
    "director": "Hwang Dong Hyuk",
    "nation": "Hàn Quốc",
    "releaseYear": "2021",
    "producer": "Hwang Dong Hyuk, Kim Sang Soon",
    "image": "images/11.png",
    "ibmrate": "4.8/5"
  },
  {
    "state": "Full HD-Vietsub",
    "title": "Chúng Ta",
    "description": "Us (Chúng Ta) là một bộ phim kinh dị của Mỹ do Jordan Peele đạo diễn...",
    "actor": "Lupita Nyong'o, Winston Duke, Elisabeth Moss...",
    "genre": "Phim Lẻ, Kinh Dị, Huyền Bí",
    "director": "Jordan Peele",
    "nation": "Mỹ",
    "releaseYear": "2019",
    "producer": "Jason Blum, Ian Cooper, Sean McKittrick, Jordan Peele",
    "image": "images/7.png",
    "ibmrate": "4.4/5"
  },
  {
    "state": "Full HD-Vietsub",
    "title": "Tuổi Nổi Loạn",
    "description": "The Edge of Seventeen (Tuổi Nổi Loạn) là một bộ phim tâm lý - hài của Mỹ...",
    "actor": "Hailee Steinfeld, Woody Harrelson, Kyra Sedgwick...",
    "genre": "Phim Lẻ, Tâm Lý, Hài Hước",
    "director": "Kelly Fremon Craig",
    "nation": "Mỹ",
    "releaseYear": "2016",
    "producer": "James L. Brooks, Kelly Fremon Craig, Richard Sakai",
    "image": "images/8.png",
    "ibmrate": "4.2/5"
  },
  {
    "state": "Full HD-Vietsub",
    "title": "Xác Sống",
    "description": "The Walking Dead (Xác Sống) là một bộ phim truyền hình Mỹ thuộc thể loại kinh dị...",
    "actor": "Andrew Lincoln, Norman Reedus, Melissa McBride...",
    "genre": "Phim Bộ, Kinh Dị, Kịch Tính",
    "director": "Frank Darabont",
    "nation": "Mỹ",
    "releaseYear": "2010",
    "producer": "Frank Darabont, Gale Anne Hurd, David Alpert",
    "image": "images/9.png",
    "ibmrate": "4.6/5"
  },
  {
    "state": "Full HD-Vietsub",
    "title": "Alice in Borderland",
    "description": "Alice in Borderland (Alice ở Xứ Sở Biên Giới) là bộ phim truyền hình Nhật Bản...",
    "actor": "Kento Yamazaki, Tao Tsuchiya, Nijiro Murakami...",
    "genre": "Phim Bộ, Hành Động, Viễn Tưởng",
    "director": "Shinsuke Sato",
    "nation": "Nhật Bản",
    "releaseYear": "2020",
    "producer": "Shinsuke Sato, Kenta Fukasaku, Yoshinobu Nishizaki",
    "image": "images/10.png",
    "ibmrate": "4.5/5"
  },
  {
    "state": "Full HD-Vietsub",
    "title": "Trò Chơi Con Mực",
    "description": "Squid Game (Trò Chơi Con Mực) là một bộ phim truyền hình Hàn Quốc...",
    "actor": "Lee Jung Jae, Park Hae Soo, Wi Ha Joon...",
    "genre": "Phim Bộ, Hành Động, Kịch Tính",
    "director": "Hwang Dong Hyuk",
    "nation": "Hàn Quốc",
    "releaseYear": "2021",
    "producer": "Hwang Dong Hyuk, Kim Sang Soon",
    "image": "images/11.png",
    "ibmrate": "4.8/5"
  },
  {
    "state": "Full HD-Vietsub",
    "title": "Wednesday",
    "description": "Wednesday (Wednesday) là bộ phim truyền hình Mỹ...",
    "actor": "Jenna Ortega, Catherine Zeta-Jones, Luis Guzmán...",
    "genre": "Phim Bộ, Hài Hước, Kỳ Bí",
    "director": "Tim Burton",
    "nation": "Mỹ",
    "releaseYear": "2022",
    "producer": "Tim Burton, Steve Stark, Alfred Gough",
    "image": "images/12.png",
    "ibmrate": "4.1/5"
  },
  {
    "state": "Full HD-Vietsub",
    "title": "The Last Of Us",
    "description": "The Last of Us (The Last Of Us) là một bộ phim truyền hình Mỹ dựa trên trò chơi video cùng tên...",
    "actor": "Pedro Pascal, Bella Ramsey, Gabriel Luna...",
    "genre": "Phim Bộ, Hành Động, Kịch Tính",
    "director": "Kantemir Balagov",
    "nation": "Mỹ",
    "releaseYear": "2023",
    "producer": "Kantemir Balagov, Carolyn Strauss",
    "image": "images/13.png",
    "ibmrate": "4.7/5"
  },
  {
    "state": "Full HD-Vietsub",
    "title": "Kingdom",
    "description": "Kingdom (Kingdom) là bộ phim truyền hình Hàn Quốc thuộc thể loại kinh dị, lịch sử...",
    "actor": "Ju Ji Hoon, Ryu Seung Ryong, Bae Doona...",
    "genre": "Phim Bộ, Kinh Dị, Lịch Sử",
    "director": "Kim Seong Hun, Park In Je",
    "nation": "Hàn Quốc",
    "releaseYear": "2019",
    "producer": "Kim Seong Hun, Park In Je",
    "image": "images/14.png",
    "ibmrate": "4.5/5"
  },
  {
    "state": "Full HD-Vietsub",
    "title": "Giáo Dục Giới Tính",
    "description": "Sex Education (Giáo Dục Giới Tính) là bộ phim truyền hình Anh - Mỹ...",
    "actor": "Asa Butterfield, Gillian Anderson, Emma Mackey...",
    "genre": "Phim Bộ, Tâm Lý, Hài Hước",
    "director": "Laurie Nunn",
    "nation": "Anh, Mỹ",
    "releaseYear": "2019",
    "producer": "Laurie Nunn, Jamie Campbell, Ben Taylor",
    "image": "images/15.png",
    "ibmrate": "4.8/5"
  },
  {
    "state": "Full HD-Vietsub",
    "title": "Dark",
    "description": "Dark (Dark) là bộ phim truyền hình Đức thuộc thể loại kỳ bí, viễn tưởng...",
    "actor": "Louis Hofmann, Karoline Eichhorn, Lisa Vicari...",
    "genre": "Phim Bộ, Bí Ẩn-Huyền Bí, Viễn Tưởng",
    "director": "Baran bo Odar",
    "nation": "Đức",
    "releaseYear": "2017",
    "producer": "Baran bo Odar, Jantje Friese",
    "image": "images/16.png",
    "ibmrate": "4.6/5"
  }
]